{"BrainLayerSizes":[19,18,6,3],"Genes":[0.56159445809274655,0.1325945004972604,-0.52460546117490414,-0.71656952226374737,0.2535473002370201,0.66032822879977915,0.8415577187396388,0.690216911812414,-0.98008230793293671,-0.60950217750365954,-0.79000014708843092,0.49372457340067466,0.70937356711801769,-0.22724957937712303,-0.59740712917289107,0.54937741698202558,0.51651671785699049,-0.20320955440551491,-0.4056208205435522,-0.886751339718118,0.67542066503102927,-0.024623583548061378,0.23433114832003188,-0.53652251490229852,0.16686139868891869,-0.033312720727786793,0.60244167298192242,0.88628238713661323,-0.435228389424844,0.77572332707965908,0.65462726431648588,0.81116614668218712,0.21495318189959645,0.82058178625096656,0.3039446414001028,-0.028158854240625586,-0.024111763119749607,-0.34179637899705984,-0.75598925433866182,-0.79720526272300873,1.0,0.644086122347082,0.716559334526099,-0.025625848688942354,-0.0756507865505529,0.98830066713891029,0.67095367129470862,0.97162322326173234,0.54925038481561961,-0.71816551322963351,-0.97293614129206918,-0.96435306126454523,0.20444678105620984,-0.95632972100578706,0.58119195587057249,-0.78235520901268119,0.20383296939722873,-0.98808294627260551,0.11656907904733393,-0.30907338522797145,-0.94211344418214327,0.9552753316030258,0.32445505509360473,-0.56519200073796882,-0.26412944182014531,-0.60116629377061792,-0.68651027590339553,0.39526412375050779,0.4719148191958269,0.60399809624254619,-0.42651081989822481,-0.51263396698638508,-0.44722030006685309,-0.81946869721611437,-0.62410289590438039,-0.9686654573160528,0.25881708192583974,-0.80658759703235128,0.53912827164825439,0.1785607315500084,0.29573360797750459,0.60394453378577917,-0.905809769363054,-0.8222796301461196,0.55804583409710129,0.61898032558103111,-0.39328063437402283,-0.50439732312429575,-0.76061016961960592,-0.282273400240705,0.33858053727940685,-0.13707552810063384,0.91258160579604164,0.9571507246965314,-0.85509181854086547,0.78207622458323667,-0.68036893274652255,0.2817513352640677,-0.761496406868797,-0.474484492779935,0.864105359820698,0.78216189042765727,-0.50029159593409467,-0.50216579972867192,0.13493654533984917,0.5396978256943159,0.48286723880230786,-0.20398332304506717,-0.33632870662786474,0.5498574131866254,0.3274009597149683,0.37330361147099334,-0.83907463091382506,0.75111599743883861,-0.15240832960810907,-0.57293189390233334,0.8610851009660796,0.14673468523972422,-0.08485441449324338,0.1168902325988237,0.7921143406034048,0.81788704722090011,0.64940195048665728,-0.24581178056346797,0.95567741894893232,0.60951799694891928,-0.42521557278242683,-0.40437102476338438,-0.69807235440149551,-0.746969104859498,1.0,0.97706574666177182,-0.54726676784794159,0.013612764428189372,0.50374978850770269,0.51357171754984732,0.13111004565428486,0.59635603036561791,-0.43683193690927324,-0.98165199159721472,-0.86388691322127675,0.793857026749224,-0.84785072405256834,-0.31046758280623121,0.83942485663081745,0.96527692580841329,-0.5088175989262842,0.97457325829871611,-0.033975688290770911,0.86321133531779581,0.92099112361715685,0.17289638201375324,-0.59501082990086207,0.12161336053237948,-0.68800764167122908,0.8569238958214056,-0.86724006005899978,0.546323308509925,-0.37528890598345965,-0.99496569018576564,-0.035086601523257155,-0.11276173643430776,-0.43381392184356871,0.74963252141588943,0.47648407797165404,0.35033521305319626,0.65794419784003122,0.5186453964648049,-0.56574144101037716,0.477554695437455,0.2959580604433818,-0.73527092939953831,-0.57850286368210924,-0.14158584323785539,-0.019222854179899551,0.60729817771692662,0.66573777127346845,-0.040130466707111512,0.36386257939220523,1.0,-0.16101565661887429,-0.38020214851955059,0.62960466352738664,-0.46768859865501922,-0.3271702441047738,-0.584667657541422,0.57207657656263411,-0.1001599566546082,-0.71978840218847084,0.64682589268629709,0.3808117776088471,0.30297632739086472,-0.20887375004071451,-0.39762589284108296,-0.37078426213505888,0.24887482321303089,0.2276709485927928,-0.59748324546845777,-0.14862152056238687,-0.96000957300886958,-0.38657328178480888,0.032006383422765072,0.54031469930909326,0.4884696162717741,-0.57811798508191381,0.995783612828601,-0.41067024013524422,0.54657501333699332,-1.0,-0.49678430147319297,-0.808813875452063,0.17289040664811162,-0.22418390946657574,-0.44824371181812306,-0.11330128606096901,-0.63529777044211411,0.25763360003830571,-0.96265010720242283,0.076802765520663341,0.29934684433943914,0.85273929236118662,-0.54798983575216953,0.17896441983942157,-0.62122746935171425,-0.90325708217139222,0.91036819941847025,0.21052982155723954,-0.97456713112749493,0.80497954683610207,0.593205853408764,-0.22941363473861187,0.26322101674192622,-0.89150894614472476,0.43848201117407626,0.37697377492532769,-0.9136707875475617,0.059896469609763692,-0.85886495274438757,-0.89304582955923206,-0.39123079222218637,0.94947733355196062,-0.97449843677435932,-0.24099617136688722,0.54506774504905,0.45563976813836016,-0.79207862903926451,0.38632062165360936,-0.26623267110727378,0.21209487305585978,-0.0072640848845542116,1.0,0.19032105579521552,0.32571398901087889,0.552031635098174,-0.738268209499432,-0.96981462997841406,1.0,-0.2471179669942325,0.80595749537737915,-0.48848618450038428,-0.55426776854054438,-0.43610310900774929,0.741595466500891,-0.59106610789479042,0.70517533375191288,-0.50845856545886892,0.064399352792836373,0.057785452836093265,0.17478251325654903,-0.19963049851340731,0.3048057599481222,0.2724535566626366,0.93039572235680912,-1.0,0.34986951078747852,0.57967077851280147,0.69300633561471781,0.47988353575574405,0.12100470374385108,0.55089039451018462,-0.093564056369273008,-0.29191313930410567,-0.84524030301032616,0.11624716646794564,0.74066109943234415,0.61067669960236026,0.93750702773104755,-0.44354058124289875,0.062140361900506758,-0.049050889000786024,-0.76671275113090531,-0.69298556339600381,-0.71032005744535476,0.59544035494115222,-0.54382221356212257,0.38558044255971,-0.71609390327525047,-0.64993006347209681,0.58051025754795882,-0.56448312432713954,0.14352201816789889,0.94614680295165021,0.32766044760479618,0.18534852642815025,0.38392662042003423,-0.12731072848071839,-0.19800846357737129,-0.072527643559746169,-0.79783787568930431,-0.49102528276435342,-0.531589781647357,-0.78085471120702787,0.4210891348408019,0.11922848812268522,0.52615868068586968,0.73764537076356129,-0.85858123486795523,-0.058505139573712395,-0.22866759716005425,-0.61570782196508156,-0.0095419199250368347,-0.49206006596426488,0.78228720244126726,0.959225292298582,-0.40547954147005438,0.90233987192732279,-0.55373700384690283,-1.0,0.32677732446546537,0.9642890682277685,0.46885097654017205,0.34293639908681461,-1.0,-0.19588176216738384,-0.2547004713000266,0.24243959120588365,0.38042641309109815,0.48293229168417495,0.73232054604791119,-0.13408157095968798,-0.6796600239722338,-0.32797189863769893,-0.64570270555359444,-0.44683435533513982,-0.48955648345386443,-0.98585803992387744,-0.11407469823680572,0.3304929611415105,0.99036248307226349,-0.16680989934448609,0.17568138110250309,0.65855779669180414,0.68179714385503765,-0.29801365816873204,0.53721658025738628,-0.36441791586783623,1.0,0.36843515530621418,-0.69601671476662941,-0.61386470292409168,-0.49234753357821492,-0.17980368653303186,0.44291331336969192,-0.76212694391707281,0.040123740695474641,0.12547381926582846,-0.83424112844944054,-0.38302910299181425,-0.24239437712467948,-0.35521126881018805,-0.64740926546389665,-0.273033230226968,-0.1069722460149658,0.80235436363255341,-1.0,-0.6815700212873379,-1.0,0.44247944627072644,0.21207828969325782,-0.39058444830150552,-0.88813397841906827,0.12058700673309475,-0.65540711565660636,-0.3437905094324567,-0.21139231287473459,0.81029317984836791,0.661139255231777,-0.14283166227062771,0.26690165757522988,-0.89028255543219048,0.0097874286630132978,-0.98800874221511592,0.17894900645080436,0.346185248972003,-0.641734037381473,0.39537001000501681,-0.10405123378338821,-0.88357576163652152,0.51304190396938565,0.20116460984626994,0.848383088525563,