{"BrainLayerSizes":[19,18,6,3],"Genes":[-1.0,0.35812085254961656,0.12615960353340938,0.041125046806933963,0.76442592510228313,0.2366841487757323,0.97900154743297085,-0.22200203324761325,-0.14778360521783296,-0.095733974872033167,-0.42648576266434313,0.21652512867773188,-0.76415703597672135,-0.23290913539608443,-0.27855808440528718,0.60174748399376288,-0.2825822410092606,0.43865579806205623,0.91791614048085934,0.83878284196312669,0.91539428099775422,-0.69984687571406679,-0.2440435212310606,-0.20685712839796078,0.16056202406089848,0.95931286828560425,-0.36196294769736148,0.016098685104445787,-0.52390633384879048,0.46581872364777088,-0.38314325031039453,-0.50727802212688977,0.51561546931770419,-0.48353599523358792,-0.74906805239108765,0.37259918887754861,0.45871294381037014,0.027367606538984734,0.18621442335947158,0.54124885403609313,0.60372784319507322,-0.62696766207319121,0.15626632941712915,0.41526118149760238,-1.0,-0.28381136375656879,0.6683477292155604,-1.0,0.094582999634827969,0.2871522313389705,-0.049641605722551052,0.08252355669742617,-0.21995141856370093,0.56995296574661181,0.60578773804278474,0.41153279804230336,0.52568375855948957,-0.28548544891434047,0.35386883903009303,0.15909338377373911,0.4658355160922909,-0.62415508535884079,-0.26024015958432112,0.61964786966314911,-0.2683716981058808,0.6693116471494136,0.6039584335423811,-0.5629157701334524,-0.54032130890540842,-0.48940962529248078,-0.95788144038891487,-0.20983591662246548,0.13069062918922425,-0.043795848518514868,0.92407421577911553,0.46474208564718356,0.14388679486880385,0.92476043031772615,-0.47024436549760606,-0.62579130410486428,-0.70903486092995616,-0.51628640457814856,0.59519326085932223,-0.17796015817577021,-0.5099487595772132,0.71809966197148878,0.30242052269280917,-0.934844253554402,-0.530354023692363,-0.098686855797975759,1.0,-0.11921278346293274,0.51608927828077644,0.3310860660071886,-0.92458666205619777,-0.085621001937250252,0.71089235493489178,0.53661845975398,-0.26485967601875759,-0.66514362006687722,-0.44641757940241023,0.2312634993490128,0.69464476578619561,-0.31009363979571203,0.24503367172788537,1.0,0.85079291362818,-0.93990970027628806,0.77383197926628955,-1.0,-0.794267991461916,0.8113377074763819,-0.730094092772386,-0.20180215928787471,0.20677099060582505,-0.40591949778884623,-0.20711979302909211,0.879014712702024,-0.08810990075027092,-1.0,-1.0,0.982005651333372,1.0,0.59270102767865207,-0.59650700869807372,0.59494317094559923,0.39187823021406221,0.44221233550562156,0.054797817512786784,-0.4845167703388803,0.75384973071229155,0.65439674777649193,-0.020794272898134958,-1.0,0.66966128240789335,0.059701639721031041,-0.21093117036434406,0.33752306054230918,0.61571145598576948,-0.11462746519345202,0.95275664955971606,0.24233022296909712,-0.32216179409165024,-0.67139967608796414,-0.3044188643360598,-0.96442227715832285,-0.34910280459984333,-0.77945215989810046,-0.51829269692222246,0.58745381659243889,0.058843396864292852,0.83187764223286775,0.096146155892008034,0.98313719010126632,0.96796525547651813,-0.31811939217993968,0.26382524579010225,-1.0,0.44286268946848,-0.91629767134613249,-0.52126726299583326,-0.13560014946181331,0.0052924822109250425,0.40542386654085671,-0.6965505202284783,-0.23266877594062529,-0.16786801962548315,-0.92499334734165728,0.12853655830423194,-0.5447941133961054,-0.80694690896521648,0.21983487122684475,-0.73669674328374524,1.0,0.14622189157932164,0.12456090148750731,0.796415879063502,0.63883792964687469,-0.084249575428780865,-0.371902778452217,0.0025592038885500212,0.15473952780232747,-0.03949496757215587,0.961506400239424,1.0,0.921972088479424,-0.12155347905194081,0.43741872298411033,-0.773066000907247,-0.44462714039004736,0.53431011272329387,-0.34721038925797232,0.21140440633120217,0.38975712139613788,-0.59336020219761887,0.45872617022075057,-0.786231219901811,-0.22740717452364367,0.94140440222872623,-0.90288253775932015,0.2034457424671603,-0.067333751389446472,0.19204703797215933,-0.824108605191162,0.16271571193948181,0.32727278760973033,0.568574385516613,-0.305337740716216,-0.42461020752070944,0.18554737520662479,0.99455878813497678,0.62498731614322733,0.39371640206953346,0.29222045899006566,0.533252294889303,0.37843177182526866,0.20624718289181937,0.062358544935639304,-0.13375696872070292,-0.53477616679611439,0.66414943042404451,1.0,0.84807265356558958,-0.19590675676982228,-0.16622309697150395,0.063805470505638784,0.77595940198561153,-0.2687058706156471,0.571652035029443,0.34561226859018773,0.37379199120858309,-1.0,0.69743352741814846,-0.89258725843047126,0.74953098467063672,-0.9854246228865462,0.37191849195953386,-0.3741329197651394,-0.21114943069925052,-0.9671480078097191,0.21701049721660581,-0.45668244872087727,-0.39054479444890505,0.14711156517598384,-0.05470103353946526,-0.92759774132985506,0.3174856357823525,-0.43224737464089291,1.0,-0.70937663978402354,-0.98934937547396373,0.45051092978125018,0.42662384543876353,0.35865107800748719,-1.0,0.37126397382061177,0.13372204109734021,0.066486537720303218,0.98344499523911866,0.40580040072361023,1.0,-0.16271974386773991,0.2339109097299682,-0.041814810848708639,0.95588119325967558,0.2825801338919347,0.92755378872507888,-0.49217214132294629,0.609118474698215,0.51867691777584923,-0.47026189834357329,-0.1777915345401464,0.9400114386528784,0.56124658210261091,-0.88817386975892532,0.20394151737165717,-0.16579867976987672,-0.53545699153815263,0.65168173594944268,-0.81969612083383658,-0.50144310342215137,0.93237867040204758,-0.26746270305824593,-0.21860554289007822,0.16538119649765137,0.69427150194266418,0.0085460650774398239,-0.77874704160669217,-0.667301082828688,0.79574367394472634,0.32677337402793261,-0.85535996586799623,-0.27851061000419342,0.70129322805502126,-0.79591669970933188,0.38719995407722896,0.089934600326202041,0.665174921585794,0.42764845184406663,0.73501357423840719,-0.75666471093737742,-0.12853305560002715,-1.0,-0.55582082553572065,0.5883492716068166,-0.078421277263397926,0.62769516935930347,1.0,0.34896569389336085,0.0084705851080224548,-0.263425881631405,-0.85688617329899508,0.6952762627952157,0.80314111607295513,0.19900616873009414,-1.0,-0.895257040809494,-1.0,0.2110489742881847,-0.73839030868298861,-0.8220776765710105,0.48796273162027948,-0.82487105849425824,-0.92817469403528363,-0.76758119383248558,-0.26634841075462679,-0.44872872342762005,-0.59892674935931656,0.7598110014851257,-0.26060217235265404,-0.692144312752478,0.09802350732405829,-0.38380352099603215,0.91666816171103527,0.59290232467134607,0.28950173281575631,0.38773116557287568,-0.92715865067539682,-0.039020476415297267,-0.51159706223364787,-0.51646214887335073,0.13091620389880432,-0.19540228820191802,0.84798448921553071,0.059169555576131572,-0.30913237333723,-0.19446964338164297,-0.16071903107721308,-0.49771294067507277,-0.94704082140095569,0.28665245267872352,0.013527452719177768,-0.41673879484494158,0.16603876052705524,0.55709125080941768,-0.46296554126914846,-0.30366199710576891,-1.0,-0.711823629081167,0.86026646772411952,0.008655778602070896,-0.070491129099620076,-0.44507263551702381,0.18752642380424145,0.00039295130427596803,1.0,0.18636443800589286,0.42244151580261136,0.65030379134710115,0.90950443591433783,-0.26910450741141312,0.513934086549065,-0.23847213934104522,-0.27735396347816754,0.77807184019036213,-0.45202209984512165,0.11857929575190851,0.040040260897968083,0.010283814049458051,0.58059986963896082,0.693744338906251,0.45108857748615028,0.77893772059070776,0.30420410321289859,0.18433419577047894,0.36986573756200536,-0.44716771037651581,0.87085579609072572,-1.0,0.39993413137268941,-0.40683627007847478,0.23463799396280116,0.96428101135617172,0.24376294330869008,0.47974715916428123,0.23988641926082149,-0.38955037546788829,-0.91174723576370031,-0.37638656579721097,0.19487651004217405,0.915713979590551,0.42880898268372247,-0.33211194017534695,-0.539362504630984,-0.077502210427775053,0.55908891072454336,0.58887479504983631,0.860615168633226,-0.44187425912445133,-0.75221490545767122,1.0,0.71384293176878388,