{"BrainLayerSizes":[19,18,6,3],"Genes":[-0.1858934819166983,0.46027828937409365,0.64039374941046978,0.18629641606765646,0.21121242140010588,1.0,-0.89199789818003672,0.4372319853572324,0.93621391916471242,-0.66554321053696008,0.66133037426570906,1.0,0.19686123132559535,-0.3045818369391291,-0.40705704940811593,1.0,-0.17840708171874603,0.81834544675347654,-1.0,0.095627505842422744,-0.46632403110448456,0.71562071806547278,1.0,1.0,0.8948811590182042,-0.499584126286015,-0.9408326341960731,0.11610995983523786,0.019936378123209031,0.64434808778779029,0.85208978706602445,0.13751636056113814,-0.88234760257524791,0.23447664046402861,0.43416954131525459,0.34602735487093572,0.75767817639637647,-0.48015324700630879,0.54448416039556458,-1.0,-0.40965019418376036,0.5123634648101234,-0.42597547053637708,0.71305987202239218,0.55570512826354479,0.8964319948090389,-0.17363400998228884,0.54232241308424722,1.0,0.29523144140617519,-0.9436435093840787,-0.52556219814604255,-0.55160890778135929,0.47917368960528339,0.651058385451817,-1.0,-0.78413555504946775,0.45935397732972816,-0.27219386574448734,-0.085933878359354066,0.21669856957937522,0.31395901637801849,0.283659131863927,-0.46617767818559785,-1.0,-0.039495026245478071,0.09682523533554066,-0.058284583994319905,0.72713726606552354,1.0,-0.29897964806248423,0.42724300405347859,-0.33301990774135104,-1.0,-0.6100278036249932,-0.14257747663305015,-0.19125450923631637,0.85524314146267388,0.90282428376508139,-0.657778188194045,0.79585535768226512,-0.759542863936882,0.54229475699471985,-1.0,-0.51667881455117781,0.16619311257553893,-0.74580599448913976,0.0663214943214886,0.61510574776451377,-0.2430490403170924,0.57588128260145033,0.32449800396547568,0.42271502033002439,-0.58378821056512564,-0.45029488948653218,0.02615097212891615,0.90271275299727582,0.66748108745900958,1.0,-0.59734406722585853,-0.84147184055367108,-0.47551625989168705,1.0,-0.85301478409814413,-0.12405696284214829,-0.053125825502502666,-0.40278210020753646,-0.58375057838100508,-0.717097944448282,-0.41959594954717716,0.23482517955583759,0.026905820950356207,0.7638858918863749,-0.61942679719972749,-0.51767116296927973,-0.053011932900646652,0.63579352718582083,1.0,-0.99226637626638,0.29568970380150233,-0.070095430393747771,-0.40949547985079482,-0.93184012241281577,-0.62893364281809594,-0.46750515767722634,-0.81810189705253655,-0.13801718090568538,-1.0,-0.13412393961759478,-0.78137571424309893,0.11145196068633911,0.45852457543766345,0.71399882073234722,-0.1492379336381508,-0.84492686756184643,-0.72907041838815,-0.61691061459337848,-0.47701607783186073,0.14595374821031165,0.95639371753502345,-0.43029920590589732,-0.69151432029507787,-0.80815484668507942,0.35614674508392197,-0.9240428055282881,-0.47809357241638639,0.86877275973966939,-0.89844850632289819,0.85748837252961874,0.6465252461594182,0.49352309340309508,-0.15973005288267983,-0.037996566173618906,-0.95460580473514545,-0.90463493201166156,0.7858057018769,-1.0,0.86725629464129739,0.24455859709743338,0.5944176745109343,-0.76506888226841985,-0.62958803010619624,-0.90707536526353816,-0.926815168199509,-0.15324654600268545,1.0,0.18739064186224269,-0.45304413836125479,-0.652559111664332,0.22865940967046627,-0.555803407940922,-0.13734608359511286,0.71561922771652187,0.0046967659167464482,-0.28427513259662085,-0.52057281021055424,-0.3664415573544994,-0.1087629942264236,-1.0,-0.87339793745120886,0.74094472906596254,-0.90026582400326882,-0.37706727435675791,0.61423591366700658,-0.22887640084553335,-0.21835203874779496,-0.60674381051526582,0.94770787164927828,-0.518819547965573,-0.59874394982994728,0.054699746218835832,0.37817503599365021,0.12070652894708622,-0.43531333093313185,-0.15528860253062493,-0.39245956199823862,-0.256182776650499,-0.88726709661412384,-0.34791345631140924,-0.57677579465172057,0.090856824811015646,0.018100179973105091,0.41809172249310256,0.56571976727141049,-0.27289302147593963,-0.72288187952846372,0.32965445301013752,0.030621679979665917,0.32967447970513,0.98711115307505759,-0.15097031609666078,0.15226368124236522,0.35519452246613537,-0.45395398906150541,-0.034091081718956584,-0.40461417539260081,0.779661689549527,0.61675546509993973,-0.13102246594197248,-0.82911530361935282,0.71803185610008968,0.50507842470196929,-0.40624582623422412,0.76872679417427947,-1.0,0.27077135968523636,0.68040474792029926,0.40334223858236434,0.18793579548966877,-0.1732608606914342,0.783684311799558,-1.0,0.48264795680653666,0.87189610366332149,0.62872719328325588,0.53151555477246426,0.30185347483579705,-0.41124037695640714,-1.0,-1.0,0.28902225885029059,-0.10897257393643839,-0.20268449196716976,-1.0,0.483614379998117,-0.78095395294062508,1.0,0.59738176483539007,0.65082117666062944,-0.4976232894685228,0.41161137489211352,0.72794288407449748,-0.073656052850958,0.18317347657083227,0.17299648498790171,1.0,-0.345535507819399,1.0,-0.054763146934454943,-0.87216025305546829,-0.36523231811133783,0.12666884652649457,-1.0,-0.73624700202431859,-0.89114376501699155,-0.025219232088522614,1.0,0.77586326574714071,0.084549437316390419,-0.68025811839860784,0.57419479828057574,-0.11091745766388128,0.074354132206344126,-0.3549923931038903,1.0,0.78609543935679627,-0.54632285681847614,0.88963457564340642,-0.79789313687844821,-0.10993487369731758,0.52319776617139468,-0.90483573889585012,-0.84496839220866948,-0.32708011512974278,-0.702926131758339,0.57122357029990467,-0.097223603444743678,0.59590619900073216,-0.29186244834766839,0.74391812539841884,0.12115452723631381,-0.29725524377881335,-0.6838882501162068,-0.58267380114769274,-1.0,0.58338123982929679,-0.020104674398947919,0.10613922686601951,1.0,0.612739841273399,-0.66634506879669853,-1.0,0.22674605074652748,-0.42586621335980768,-0.17850124075939006,0.63202317880095138,-0.7014183803468097,-0.43668756770747141,0.71022061268343617,0.18608744497694435,-0.052453615028622447,-0.43145897585500914,-0.066514628737473269,-1.0,-0.39535801922686309,-0.049719333439003366,0.15842661757880194,0.63577436825063738,0.91111736740503346,-0.48513484908506971,0.12278835597577886,1.0,-0.32184357443910261,-0.46202222512197788,0.040344443656664508,-0.35181195887355693,-0.1814354465722271,-0.078366851936265247,-0.5375752172142152,0.68759473794493564,-0.40069451062041078,0.57258014896539045,0.42410235219826103,-0.36023775644611467,-0.70060486774919783,0.13107204699473091,-0.46955004658994737,0.962527002190485,0.93409926604204774,-0.1665029773332658,0.45766828719417951,0.081958719101715261,-0.68514866926015761,0.38552065910097233,-0.56646292357075168,-0.90653417348234644,0.948888767486852,-0.92397533842547575,1.0,-0.24417350685418271,0.30639132289513527,0.69141569346721088,-0.11471127770594847,0.33187342590273994,-0.28924929480499095,-0.27020393347842808,0.47440682280548235,1.0,-0.79496128498341956,-0.55964608772641333,0.16799162755161134,0.6474253365990823,1.0,-0.65004719241990117,0.81937903949030633,0.76591892063893319,-0.701032993477319,-0.4846908319670199,-0.32359445762056604,0.16785767076902913,0.49907464487435038,0.049549940530932535,0.48757625324073084,-0.035264226158738254,0.058127540889255591,-0.88586310105671318,0.4811292232392026,0.64934328857313073,0.92173744338645469,0.44297476971660493,-0.47833555516709364,-1.0,0.37355414469426229,-1.0,-0.29822857552125515,-0.6285297163429342,0.12135385471459192,-0.32938197130774249,-0.46628320564808468,-0.018457425301176222,-0.026796450850924636,-0.24648383760195403,0.418605413715637,0.99258717894208959,0.23439643054008319,0.57675254953873933,0.31754766675529422,-0.19433332639482503,-0.3952998935223091,-0.72521539904420051,0.41559758336078262,0.40856855940472719,0.99870743509321813,-0.63968200382761742,-0.10584484348345769,0.85821999113923864,0.71521529635191672,0.55718729717525983,1.0,-0.93215957839608177,0.036033514205381978,-0.65685035342203935,1.0,0.22559323149062371,0.64919115307237552,0.16975810037448913,-0.38678322866874892,0.96395631551926786,0.12558365106842639,0.93043990616241468,-0.86270065343133207,-1.0,-0.71092175120065071,-0.7177046272986124,1.0,