{"BrainLayerSizes":[19,18,6,3],"Genes":[0.42858600287166704,-0.13240824320000044,-0.52460546117490414,-0.48640582011379563,0.2535473002370201,0.58519154791030648,0.8415577187396388,0.690216911812414,-0.98008230793293671,-1.0,-0.79000014708843092,0.49372457340067466,0.70937356711801769,0.12131264881292014,-0.59740712917289107,0.408697761087072,0.51651671785699049,0.11661967454320732,-0.4056208205435522,-0.50810126425144331,0.34231912337351555,-0.024623583548061378,0.43654076705525668,-0.53652251490229852,-0.24280480609406002,-0.033312720727786793,0.60244167298192242,0.88628238713661323,-0.50638392661064124,0.97114547107887716,0.43652201906615967,0.81116614668218712,0.1012072971096295,0.82058178625096656,-0.10040103392694194,-0.028158854240625586,-0.024111763119749607,-0.698895159968592,-0.051043052250073884,-0.79720526272300873,0.73735155618626225,0.644086122347082,0.716559334526099,0.24772170430408863,-0.0756507865505529,0.76110770798339877,0.6595470414774246,1.0,0.54925038481561961,-0.71816551322963351,-0.97293614129206918,-1.0,0.20444678105620984,-0.73626856237476157,0.1659480513380599,-0.78235520901268119,0.81754615312327927,-0.98808294627260551,0.28885698494913847,-0.30907338522797145,-0.94211344418214327,1.0,0.56897668147877645,-0.90422025155472574,-0.26412944182014531,-0.60116629377061792,-0.26352934016079144,0.76774598810251138,0.4719148191958269,0.60399809624254619,-0.13487507385894426,-0.51263396698638508,-0.44722030006685309,-0.81946869721611437,-0.62410289590438039,-0.61207437520477659,0.56317149943819811,-0.49932019947996376,0.53912827164825439,0.1785607315500084,0.29573360797750459,0.664382394945427,-0.75681025546826908,-0.8222796301461196,0.55804583409710129,0.61898032558103111,0.034014140038757579,-0.50439732312429575,-0.76061016961960592,-0.282273400240705,0.33858053727940685,0.18080453117415513,0.91258160579604164,0.9571507246965314,-0.85509181854086547,0.78207622458323667,-0.68036893274652255,0.2817513352640677,-0.761496406868797,-0.474484492779935,0.864105359820698,0.75503924966558778,-0.50029159593409467,-0.50216579972867192,0.13493654533984917,0.5396978256943159,0.62606341909899532,-0.1871376611232467,-0.60867015137740887,0.39399275551270363,0.4378388793849568,0.37330361147099334,-1.0,0.75111599743883861,-0.0088735870126978034,-0.57293189390233334,1.0,0.14673468523972422,0.12329237168808116,-0.02653010842694431,0.69547740891365217,0.81788704722090011,0.74959562078565167,-0.415821382736704,0.78186101758939264,1.0,-0.61061501368443238,-0.052446646873115843,-0.15083041212094506,-0.57139547009551694,0.77510900133061633,0.97706574666177182,-0.54726676784794159,0.013612764428189372,0.93880576008875194,0.51357171754984732,0.33980716710901226,0.59635603036561791,-0.43683193690927324,-0.98165199159721472,-0.86388691322127675,0.793857026749224,-0.41481375038382307,-0.39982909006058659,0.83942485663081745,0.47994650876147038,-0.5088175989262842,0.97457325829871611,0.04250707036932333,1.0,1.0,0.41387390737136537,-0.77492936806517154,0.249216311494455,-1.0,0.8569238958214056,-0.51763730171026534,0.80804542862253514,-0.16644863512667307,-1.0,-0.035086601523257155,-0.11276173643430776,-0.43381392184356871,0.74963252141588943,0.83815393775615554,0.70217005964469625,0.44061713779373879,0.5186453964648049,-0.56574144101037716,-0.098045965236633059,0.54686192751250318,-0.73527092939953831,-0.41643337785100254,-0.27158632258492815,-0.54924948166555232,0.60729817771692662,0.66573777127346845,-0.040130466707111512,0.36386257939220523,1.0,-0.044376543743711139,-0.681013626596431,0.62960466352738664,-0.46768859865501922,-0.17299161603347935,-0.46119290658328349,0.57207657656263411,-0.1001599566546082,-0.56930707118907342,0.74686477950162478,0.3808117776088471,0.30297632739086472,-0.20887375004071451,0.016926855555235876,-0.37078426213505888,0.24887482321303089,0.2276709485927928,-0.6352879084345362,0.29012095033662433,-0.66704424897536829,-0.31739568701823972,0.032006383422765072,0.54031469930909326,0.063852794730967277,-0.75206296343918089,1.0,-0.12094090349084741,0.54657501333699332,-1.0,-0.63787204848503321,-0.808813875452063,0.17289040664811162,-0.22418390946657574,-0.44824371181812306,-0.11330128606096901,-0.63529777044211411,-0.10343758836548656,-0.96265010720242283,0.076802765520663341,0.29934684433943914,0.85273929236118662,-0.54798983575216953,0.50552741484973929,-0.22242790331245765,-0.90325708217139222,0.880364719024098,0.21052982155723954,-1.0,0.39551054076082554,1.0,-0.22941363473861187,0.36397285613416352,-0.89150894614472476,0.1003802693916393,0.37697377492532769,-0.9136707875475617,0.059896469609763692,-0.85886495274438757,-0.60584776900049664,-0.55688053209189348,0.94947733355196062,-1.0,-0.38009656541053977,0.42288065604999692,0.45563976813836016,-0.79207862903926451,0.38632062165360936,-0.26623267110727378,0.21209487305585978,0.079805348571299284,0.99124122317472541,0.22977524284728579,0.32636829969769732,1.0,-0.738268209499432,-0.83858344603263935,1.0,-0.20041864817050226,-0.010918538324031391,-0.48848618450038428,-0.28971919267890944,-0.43610310900774929,0.741595466500891,-0.59106610789479042,0.70517533375191288,-0.072034892193989286,0.064399352792836373,0.060518432203921724,0.17478251325654903,-0.46481084076911716,0.3048057599481222,0.18575498493656284,0.93039572235680912,-0.54644163700120607,0.82864953313425638,0.57967077851280147,0.69300633561471781,1.0,0.12100470374385108,0.55089039451018462,0.022795224805732817,-0.29191313930410567,-0.84524030301032616,0.033538642820687414,0.70412447219906582,0.61067669960236026,0.93750702773104755,0.26937745756906339,-0.17431479537594818,-0.0733283649074512,-0.4002292211634243,-0.92908911007879724,-0.71032005744535476,0.59544035494115222,-0.42916452858092469,0.52496235399738067,-0.71609390327525047,-0.964656996058606,0.58051025754795882,-0.47232533966765056,0.14352201816789889,0.60621681022747276,0.18826254931663289,-0.12893446214913129,0.38392662042003423,-0.12731072848071839,-0.19800846357737129,0.19046967927854036,-0.79783787568930431,-0.49102528276435342,-0.531589781647357,-0.78085471120702787,0.78648844840307186,0.502905151575294,1.0,0.74684370646571907,-0.68253044908984117,-0.7959965086989087,-0.776766145730748,-0.61570782196508156,-0.0095419199250368347,-0.7200448665395589,0.78228720244126726,0.959225292298582,-0.79078111671413354,0.39413326531375448,-0.55373700384690283,-1.0,0.32677732446546537,0.864020535426224,0.3493989505103785,0.4495753051943962,-1.0,-0.19588176216738384,-0.2547004713000266,0.24243959120588365,0.42438083930145054,0.48293229168417495,0.73232054604791119,-0.13408157095968798,-0.6796600239722338,-0.645591280490901,-0.68559083490892825,-0.44683435533513982,-0.51674106764455363,-1.0,-0.11407469823680572,0.24650319723715231,0.99036248307226349,-0.13830606459561085,0.34713594957587129,0.65855779669180414,0.68179714385503765,-0.30292337797718283,0.53721658025738628,-0.068368711307816632,0.9505017120160637,0.36843515530621418,-0.69601671476662941,-0.35360751201100993,-0.49234753357821492,-0.07503003397725061,1.0,-0.76212694391707281,0.17030468241791463,0.12547381926582846,-0.94954470985082207,0.094839152225684065,-0.24239437712467948,-0.30015059784061771,-0.64740926546389665,-0.273033230226968,0.16710807181294451,0.80235436363255341,-1.0,-0.886692885955187,-0.84635736041067045,0.44247944627072644,0.5148827945882839,-0.44705970745862444,-0.49307649396037523,0.059955344796159882,-0.95054901225983579,0.0082717530933542616,-0.37147283827488914,0.81029317984836791,0.661139255231777,0.25840884342715564,0.28255624220825548,-0.58198263825941021,0.50751764979563552,-0.98800874221511592,0.17894900645080436,0.346185248972003,-0.641734037381473,0.39537001000501681,-0.10405123378338821,-0.88357576163652152,0.51304190396938565,0.543126212918724,0.848383088525563,-0.41472547450788577,-0.14332834800860306,0.34557375188245154,-0.86267616802951141,-0.5512853886705289,-0.27822594287722646,0.7923728336078919,-0.19646719922147088,-0.0800190417002975,-0.788245815917964,-0.49197773425466274,