{"BrainLayerSizes":[19,18,6,3],"Genes":[-1.0,0.35454758412882104,-0.10832803282343229,0.24865075445205465,0.70386983161041039,-0.13324812014272813,-0.26961109287553053,0.08035364704223058,-0.27947230906201176,0.84633733604398431,0.3050224842992717,-0.73477210744040655,0.566845129042326,0.32415250843584187,0.39604905964622694,-0.23834910115150232,0.058394966208559884,-0.707485154134913,0.923152203635849,0.53811616801569051,0.13805566129184133,-0.39847982088033107,0.10185011341322681,0.14676076040918051,-0.39366250363814759,-0.63090814074078017,-0.75097400217828059,0.9889194564842243,0.65109852778310828,0.70732466583481268,0.81877296688909307,-0.27863089799817231,0.50201505120006162,0.39558105142581335,-0.716761393340659,-0.14819092356981289,0.12725051917473351,-0.68072636317495561,0.96094217335849175,-0.4775063923921,-0.21067682523777565,-0.93244421222826668,0.83461184140043887,-0.047401072013844359,0.7298027797275235,-0.30503191021505371,-0.4470199520918634,0.06558778279721178,0.11546329274562339,-0.51696340042025013,0.55505932194882046,-0.68876828425040859,0.40966335935968123,0.95245373712501191,0.40796448635308291,0.73762388259061784,-0.74730252928440577,0.74491120676738731,-0.35768674190979766,0.33477797235119056,-0.38227411796444755,-0.12569151615057683,0.4292551192591223,0.45333192378903364,-0.97243563084510887,-0.4163466177025561,-0.23678715864046807,-0.82873592238348714,0.040913901776501005,-0.45576001678396016,0.63440037967376428,-0.26087867061648451,-0.66842732749340472,0.40065859602794918,-0.25120700674653385,-0.18861841745144614,-0.23309166228076983,-0.85074881457292884,0.41695798068165679,0.911369406576906,0.81611181135108324,0.18343821502450775,-0.12654383626139898,-0.060963262366579452,-0.84773465611400767,0.50754125113950166,0.41671172385882194,0.54956131407504971,0.51750382549013185,-0.558232642504495,-0.26493379742136869,0.3823393124073462,0.67696037873484216,-0.37383579899269892,0.90476772557234741,-0.9521462758780207,-0.10258104051583494,-0.61872008238859477,-0.074965441168735492,0.14614939743007982,0.46105057651225961,-0.61828402970837615,-0.97532611897928922,-0.42877669047041644,0.077661410475923454,-0.18406200743469503,0.97965904324299613,-0.99099523666826783,0.20366074387154587,-0.40341709619547106,0.0745629114446058,-0.89655371471147693,-0.67204677391426948,-0.26905614848670367,0.51866616100010754,0.43428766701104471,0.86801328690164414,-0.50978161837429814,0.3010665799030412,-0.47997688198461053,0.27194763965529756,0.21365152728448233,-0.54186824804258915,-0.4008534557190041,1.0,-0.74793893273358192,0.5509502515434056,0.70540847149929431,0.60410676761721582,-0.29906073086851315,0.91396262306438891,-0.61437157989217506,0.22421662659580655,-0.7291914167484228,0.97961415815149167,0.43439584105945928,0.21475805887708355,-0.69776714579098265,0.86137532715749709,0.33632735132068747,0.52788220789650553,0.30270097931041429,-0.65409942979649616,0.39103366126820149,0.36720444605089941,-0.50433467957393019,0.054386086321615679,0.20581662501479348,0.10749804000719365,-0.52951994143869729,-0.82015956277966473,-0.5927994221415368,0.08021333770836403,-0.594988559184125,0.87420175777478226,-0.28189627885906787,-0.80193154225215857,0.425527336739715,-0.3739050679718634,0.14585574373875554,0.75377704191663164,-0.72574942825629818,-0.48688610712386948,-0.4972785252599411,-0.31737971925985986,-0.31106550866321914,-0.12077034130728359,-0.94285535716584667,-0.24867030663819534,-0.91572968005935185,-0.72447666699275226,0.56578043269262679,-0.37115694553179523,0.964739228582354,-0.0078590898811160548,1.0,-0.13224904291902162,-0.20738614872441918,0.58035789759846312,0.44946305707537704,-0.11088606464252171,-0.8838555765728725,-0.40208956850789934,0.025410811894298835,-0.47890116808884831,0.5067620452059256,0.305415082399461,-0.18079481422006838,-0.7458688720343023,0.26151043701055943,0.23632738331161773,0.733236997264082,0.67613792218088076,0.035774983947991945,0.58255030940405583,0.48858150001083567,-0.21041291356571623,0.843179095463445,-0.29158661947193865,-0.32173004528588156,0.61643566173335329,-0.0027585565125376466,-0.80531316614025883,0.023227720066545388,-0.805043274445945,-0.38593999547229152,0.77835752339025843,0.11547410912601008,0.88471013185787484,0.904955097429899,0.85035276405995375,0.40545460647226061,-0.80641476149038172,0.17663187495275956,0.62792536226470275,0.69394559794755,0.67634014025160116,0.48770308098183146,0.98162264282890721,0.17585823553421442,0.60210061543718929,-0.9399755270872151,0.66053781735735839,0.48981925635124512,-0.15205706337096969,-0.45771366425683424,0.889642510511746,0.59306807052021293,-0.61781108082170189,0.73850927396608013,0.17965957391059928,0.024571861617533441,-0.91579952925248054,-0.44632785648402196,0.40257156402923705,-0.79956646254265984,0.92145758956738644,0.57468271142555527,-0.16954591365975602,0.9070388273834431,0.72840452181566717,-0.81005902672654906,0.40633465508294053,-0.50834827195310417,0.193658967359764,0.83087277683935734,0.65635865561494544,-0.5004939527718788,0.14611725632386163,0.94491769091455158,0.78725338740612072,0.30188400545245231,0.61966840369611442,0.53255514499384682,0.29475054577679871,0.5564111888205685,0.33670362613010396,0.16548429833049161,-0.82471521656248492,0.65267038981088921,-0.27558250598403744,-0.8147105471299545,-0.26671481005228814,0.38895017322569625,-0.27470447648070029,-0.17421909755757969,0.37509814318041235,0.63991309499364024,0.34360447961073581,0.42749182480736247,0.71617502892211782,-0.89834257117395411,-0.34275100535841241,-0.925416184554536,0.44745371371854725,0.19357843566386879,-0.34631018217015552,0.16888608931046267,-0.92133841659936044,0.017070159789673189,0.0026345769887019532,0.39013646328362461,-0.81478155116307627,-0.56272877173625346,-0.83878222193512242,0.87777556845814719,0.1630154089829956,-0.44835467424632736,0.25892159773917944,-0.72338379347854476,0.25010330125228653,0.44673375084378464,0.39939792798804019,0.17778369652935466,0.18262133336748065,0.54311506894562167,0.4566557833257392,0.73197339835202935,0.766356204527596,-0.41462322949181463,-0.49038135888538381,0.89973866376082356,0.15590156761738538,0.9803577968759265,-0.65801740212273663,0.47563406707515665,-0.35536498918913539,0.78697263718907373,-0.91489856872470054,-0.89882788988707019,-0.097278629009275974,-0.83218246318035871,-0.37379400589214362,0.15821462364784189,-0.78714381171723069,0.76187177200888834,-0.99992899596687823,-0.70398603831603479,0.51314347866603338,-0.15248004493884748,0.6627654934594247,-0.2303911900289316,-0.6190085027455392,0.06698827308928057,-0.43623808651987372,-0.50041498313677257,-0.2977404991619943,0.47946529811223293,-0.10803751792201655,0.9043386447729258,0.73692265233812981,-0.078283580522184981,0.40252988478286644,0.49328481289245407,-0.492548481324943,0.10289591322787839,-0.76576510433376077,-0.79513934803900277,-0.79147143372868722,-0.31441628901027907,0.23314055764728248,0.37604277179392187,-0.53345610552162681,0.542138505746675,0.72807130414437093,-0.304087625492405,-0.409615982048966,-0.7588166956598017,-0.47225211629283248,0.84834030263514282,0.5430440649124999,0.16064182164177376,-0.78117008031400392,-0.0811637505335564,-0.07738872295123933,0.63562293776107159,0.51874716650636277,-0.91108670547189508,0.41659588339580034,0.72915764512920633,-0.22662543376284905,0.16516971269863179,-0.10498984488890961,-0.81923721349762624,-0.6357505422252,0.9810049515129089,-0.23471234796322527,0.13292118121540231,-0.34923689502721511,0.54713989959430886,0.10004613506609861,0.79521035207212454,-1.0,-0.17244023232368766,0.61437939741387,-0.795359812348783,-0.69693508450730479,0.22324200962821106,0.45176179704804048,0.86784953897253114,0.90920099891219341,-0.5389238035021926,-0.0482825855949347,-0.10116800786981739,-0.6387054201395741,-0.74342482408668142,-0.29711350020818106,-0.516306364683577,-0.4293264641563066,0.17752722076956518,0.58414874672151584,-0.8546783988618657,-0.21173523143480311,-0.52062907885789356,0.91220914475257,-0.93202915505134931,