{"BrainLayerSizes":[19,18,6,3],"Genes":[0.39434971841720384,-0.62420075066583269,-0.52460546117490414,-0.71656952226374737,0.2535473002370201,0.57546327080366355,1.0,0.690216911812414,-0.98008230793293671,-0.57936206649959188,-0.79000014708843092,0.528442905996201,0.70937356711801769,-0.22414053940407031,-0.73390089801228653,0.54937741698202558,0.51651671785699049,-0.20320955440551491,-0.4056208205435522,-0.886751339718118,0.67542066503102927,0.10257666725785319,0.23433114832003188,-0.53652251490229852,0.16686139868891869,-0.033312720727786793,0.60244167298192242,0.88628238713661323,-0.50638392661064124,0.77572332707965908,0.65462726431648588,0.81116614668218712,0.21495318189959645,0.82058178625096656,0.096537629885849352,-0.028158854240625586,-0.024111763119749607,-0.34179637899705984,-0.75598925433866182,-0.92580158935198631,0.73665466287017534,0.644086122347082,0.716559334526099,-0.025625848688942354,-0.0756507865505529,0.98830066713891029,0.877719402954783,0.97162322326173234,0.54925038481561961,-0.71816551322963351,-0.97293614129206918,-0.56879766800850518,0.20444678105620984,-0.28064949497610769,0.58119195587057249,-0.41378195835919207,0.63326060847996768,-0.98808294627260551,-0.22901433693664819,-0.71313997903519311,-0.94211344418214327,0.9552753316030258,0.32445505509360473,-0.56519200073796882,-0.26412944182014531,-0.60116629377061792,-0.68651027590339553,0.76774598810251138,0.4719148191958269,0.69626954416570708,-0.42651081989822481,-0.51263396698638508,-0.44722030006685309,-0.81946869721611437,-0.62410289590438039,-0.90620407061940245,0.25881708192583974,-0.70269472603811645,0.53912827164825439,0.1785607315500084,0.29573360797750459,0.70625872034870951,-1.0,-0.8222796301461196,0.55804583409710129,0.61898032558103111,-0.016625462806143632,-0.50439732312429575,-0.57988901440049012,-0.282273400240705,0.33858053727940685,0.29504265673227725,0.91258160579604164,0.9571507246965314,-0.85509181854086547,0.78207622458323667,-0.61278757551349117,0.2817513352640677,-0.761496406868797,-0.474484492779935,0.67481094304230571,0.68074913843569762,-0.50029159593409467,-0.50216579972867192,0.61455230676315376,0.5396978256943159,0.39170951391184217,-0.1871376611232467,-0.65654659907172741,0.5498574131866254,0.3274009597149683,0.37330361147099334,-0.83907463091382506,0.75111599743883861,-0.04758448970857293,-0.57293189390233334,0.8610851009660796,0.14673468523972422,-0.12323783483507012,0.1168902325988237,0.7921143406034048,0.81788704722090011,0.64940195048665728,-0.24581178056346797,1.0,0.60951799694891928,-0.42521557278242683,-0.40437102476338438,-0.36963140283228435,-0.64331806434472938,0.71170347543046963,0.97706574666177182,-0.54726676784794159,0.013612764428189372,0.5660119941765499,0.51357171754984732,0.13111004565428486,0.56416892682396291,-0.43683193690927324,-0.98165199159721472,-0.775611874310119,0.793857026749224,-0.84785072405256834,-0.31046758280623121,0.76299333212105247,0.96527692580841329,-0.43205591474289817,0.97457325829871611,-0.033975688290770911,0.86321133531779581,0.92099112361715685,0.17289638201375324,-0.59501082990086207,0.12161336053237948,-0.26659883338333989,0.8569238958214056,-0.86724006005899978,0.73168338007837685,-0.45784321867760425,-0.99496569018576564,-0.035086601523257155,-0.50872516259957345,-0.64267309947995144,0.74963252141588943,0.83815393775615554,0.35033521305319626,0.65794419784003122,0.5186453964648049,-0.56574144101037716,0.477554695437455,0.2959580604433818,-0.73527092939953831,-0.83609471206371422,-0.14158584323785539,-0.019222854179899551,0.60729817771692662,0.66573777127346845,-0.040130466707111512,0.36386257939220523,1.0,-0.16101565661887429,-0.39978883108114305,0.62960466352738664,-0.47116381464114587,-0.3271702441047738,-0.87545241921928363,0.57207657656263411,-0.1001599566546082,-0.71978840218847084,0.64682589268629709,0.3808117776088471,0.38558986102491155,0.054199249043222153,-0.36677684908117014,-0.77520664677732021,0.24887482321303089,0.2276709485927928,-0.59748324546845777,-0.5647125873084704,-0.96000957300886958,-0.38657328178480888,0.032006383422765072,0.54031469930909326,0.4884696162717741,-0.57811798508191381,0.31329258336373256,-0.41067024013524422,0.54657501333699332,-1.0,-0.26485614723752071,-0.808813875452063,0.17289040664811162,-0.22418390946657574,-0.44824371181812306,-0.11330128606096901,-0.70120868468713415,0.25763360003830571,-0.96265010720242283,0.0057526733753050507,0.3772860569307982,0.85273929236118662,-0.54798983575216953,0.17896441983942157,-0.62122746935171425,-0.90325708217139222,0.91036819941847025,-0.27829706425699269,-0.97456713112749493,0.80497954683610207,0.2744717410646712,-0.22941363473861187,0.26322101674192622,-0.89150894614472476,0.40392372263778176,0.37697377492532769,-0.9136707875475617,0.18050543017708953,-0.85886495274438757,-0.89304582955923206,0.027664964100189926,0.94947733355196062,-0.97449843677435932,-0.24099617136688722,0.54506774504905,0.45563976813836016,-0.79207862903926451,0.0039322557877434772,-0.4230278238761368,1.0,-0.31126761963184346,0.99124122317472541,0.19032105579521552,0.32571398901087889,0.552031635098174,-0.738268209499432,-0.83858344603263935,0.85304196358334372,-0.2471179669942325,0.39172669844316621,-0.48848618450038428,-0.55426776854054438,-0.43610310900774929,0.741595466500891,-0.59106610789479042,0.70517533375191288,-0.072034892193989286,0.064399352792836373,0.057785452836093265,0.17478251325654903,-0.19963049851340731,0.3048057599481222,0.11649855278269317,0.93039572235680912,-0.93976493735786759,-0.14117256209308854,0.75275707326492158,0.94446056962220959,1.0,0.3317928981649656,0.55089039451018462,-0.093564056369273008,-0.29191313930410567,-0.84524030301032616,0.11624716646794564,1.0,0.3603623611202289,0.93750702773104755,-0.44354058124289875,0.062140361900506758,0.21555722095796703,-0.99801491456945191,-0.69298556339600381,-0.25059165118755389,0.59544035494115222,-0.42916452858092469,0.32033903422781224,-0.71609390327525047,-0.64993006347209681,0.84473161555115672,-0.47232533966765056,0.14352201816789889,0.94614680295165021,0.32766044760479618,-0.12893446214913129,0.38392662042003423,-0.12731072848071839,0.2599253334384064,0.26547892636874648,-0.79783787568930431,-0.49102528276435342,-0.531589781647357,-1.0,0.9153824385327205,0.502905151575294,0.60507787186888873,0.73764537076356129,-1.0,-0.3746516999670545,-0.33172720732713457,-0.61570782196508156,-0.0095419199250368347,-0.28112192162364813,0.99564509093558651,0.959225292298582,-0.432917747382502,0.49178025172640583,-0.632909796029753,-1.0,0.32677732446546537,0.9642890682277685,0.46885097654017205,0.34293639908681461,-0.94661358275758734,-0.67444932934569635,-0.2547004713000266,0.10895776427768072,0.38042641309109815,0.48293229168417495,0.73232054604791119,-0.13408157095968798,-0.6796600239722338,-0.50420076539935588,-0.64570270555359444,-0.44683435533513982,-0.25285299739467582,-0.50933888787838577,-0.11407469823680572,0.24650319723715231,0.96532358763056059,-0.16680989934448609,0.17568138110250309,0.65855779669180414,0.68179714385503765,0.19621807951304038,0.53721658025738628,-0.10640204400122266,0.9505017120160637,0.36843515530621418,-0.3579195192353426,-0.61386470292409168,-0.49234753357821492,-0.07503003397725061,1.0,-0.76212694391707281,0.040123740695474641,0.12547381926582846,-0.83424112844944054,-0.38302910299181425,-0.24239437712467948,-0.35521126881018805,-0.64740926546389665,-0.273033230226968,-0.1069722460149658,0.80235436363255341,-0.93604779799284776,-0.6815700212873379,-0.84635736041067045,0.44247944627072644,0.21207828969325782,-0.44705970745862444,-0.88813397841906827,0.12058700673309475,-1.0,-0.3437905094324567,-0.21139231287473459,0.81029317984836791,0.661139255231777,-0.42749128394177704,0.26690165757522988,-0.89028255543219048,0.49490226898104994,-0.98800874221511592,0.099289037566300919,0.346185248972003,-0.641734037381473,0.39537001000501681,-0.10405123378338821,-0.88357576163652152,0.51304190396938565,0.77739877406386593,0.848383088525563,-0.41472547450788577,