{"BrainLayerSizes":[19,18,6,3],"Genes":[0.59379159337551879,0.65586000362218344,-0.48686305409616937,0.57560778389480327,0.39216999588169621,-0.26893707237622566,0.65327833856142981,-0.18348855952894716,0.029330000760652952,0.42672754611201946,-0.245020693747802,-0.56738434129738446,-0.85295761835433437,0.14336247981682537,0.97963898069208444,0.10863011475123008,0.76237230736872763,-0.17143345771889829,-0.9118567574358809,0.51166788722000467,0.88139097293903634,-0.98635219409426311,-0.708594577949771,0.55310095918974889,0.59841501973495581,0.53307382088763355,0.41776036350883561,-0.95901851447253417,0.51242416049932316,0.319569218354099,0.94032935515992788,0.025320400961358347,1.0,-0.071748519815387435,-0.1606324509068543,0.88600645581540016,0.715927138792317,-0.0447214343793324,-0.13955604058669691,-0.52178904950702054,-0.32462445149413521,0.22805338410104326,-0.42077693129925842,0.085806174709371463,0.6820146337533437,-0.93083715552037449,-0.066224736658029637,-0.72005104726182811,0.70594684486554327,-0.75010207120799555,0.89692894178299643,0.3318954516816397,0.50001202407293577,-0.52172215167513225,0.51726813405624972,0.51803843375204051,0.42688123575732173,-0.039964013285918143,0.97719276415984746,0.85909617499406266,0.37807550974100612,0.61229685303396408,0.30408727997172957,0.605922297391073,0.46363010861148596,0.72965890529083977,-0.36728413396854148,0.21879090146105318,-0.65357416945210389,-0.8930079345093147,0.37132583692265952,-0.2172140040049394,0.47114409504977239,0.60993229207113964,-0.16350870913057991,-0.34666241116200691,0.15486465331859178,0.10771560999924112,0.871086325436405,0.44387248970748505,-0.40070144245433692,0.13781141077066361,-0.65192293801900136,0.2168193542011172,0.52647876158658358,-0.39156609652171193,0.52530837688842258,0.11648822464816655,0.41098334612836296,0.27889821551688865,-0.54087477994192157,-0.2441088479217649,-0.021914198539179863,-0.24148185678826722,-0.24026899493311948,0.063078695471900925,0.43267033199438365,-0.026699228690331478,0.59940798375727988,0.95235572846250416,0.43059446543017144,0.22916446473876223,0.93352312219027578,0.67993889803995322,0.50128639116943186,-0.06583177045259242,0.36377286881384108,0.89007973200179613,0.64178655745544777,-0.13606945478174348,-0.45258998589245136,-0.68083437424191939,0.088949661277676784,-0.03193182569552766,0.25979761744839958,-0.824508846655725,0.27726221237204141,-0.58967843818928967,-0.92055646419551063,0.096165194453748493,-0.79564947159758281,0.24322180787251413,0.80780755533269022,0.067527615031007571,0.63450730481860562,-0.36318817611932208,0.8290079402872399,-0.033225201551441708,-0.55497609430690109,0.32958668695277848,-0.27062851529132037,-0.046066839502224122,0.50830762624196124,0.918730596973901,-0.98672197572268638,0.25155838334539837,0.34276606647426555,-0.27727967932693642,1.0,-0.56335643844835293,0.83215552933148818,0.44204181383458979,0.41289602728229763,-0.845214364279627,0.19528451896984334,-0.86004040570000206,0.66694149080055842,-0.55523447299154216,0.74155016697084064,-0.010582766966234281,0.78581648309985952,0.51364454231860335,-0.10614276449482085,-0.27855630371652373,0.748005200060087,-0.81262734244234269,0.90717680654822708,-0.13400449284073179,0.97780701517025337,-0.41085635750128713,0.2608272597476966,-0.55699811226548546,0.37595628987809476,1.0,-0.865440939490423,0.62248973065171853,-0.18914200048388075,0.47177272102412426,-0.47995774982495132,-0.62451657821634621,-0.028797135236112936,-0.44545810830102217,-0.25748868997091834,0.6427999742528423,0.85328553866282364,-0.81562858089601087,0.4042821086031767,0.64152041456732911,0.872243096061164,0.4945477105186078,-0.030129666919880393,0.38424241327878206,0.22522463147771754,0.45560667265933308,0.98759611229765976,0.21572694239007628,0.56726673039014774,-0.21313607004151491,-0.829274603086186,0.82590536671965631,-0.022862610883481183,-0.66170721857888026,-0.25508669449718979,0.0786666092829158,0.17581630180395047,-0.15233703570083579,-0.80982718142207122,0.97056573721140893,-0.58750625959947067,0.572794788318125,0.32910159478387868,-0.50327757350321745,0.924723276833409,0.36606674518718707,-0.98178563173012134,0.23127459140088158,-0.22886676771047843,0.25105726125233674,0.088140443474119756,0.178883316544296,0.27693809372230349,-0.646653407787277,-0.0062475889018958064,-0.51674069534835443,0.61927330941859315,0.87658484646891477,0.17177343888756513,0.98944915364936414,0.88077784976026874,-0.081167881880499393,-0.94477699973842921,-0.97600593044236583,-0.00050633261003829588,0.071891854783469711,0.39834603266713486,-0.36708991665723267,0.80962858619616762,0.66384470074616586,-0.533016327551108,-0.2143597114898077,-0.62105093506213782,0.50399215379915763,-0.15173898597794533,-0.7005516922569609,-1.0,-0.526852093416663,0.45951913644537279,0.85915788629053069,0.43739230438945453,-0.24367847910322182,-0.55540628989944529,-0.68379053086218922,0.69872348648436522,-0.0081579196304818469,0.042814817765175706,-0.66928466300912426,0.34454037032301565,-0.73834599914883547,1.0,0.2992314553350357,0.67588952541159908,-1.0,-0.91021211254885981,0.49366162228102861,0.51757178805655424,0.30510752522624451,0.49722875910682074,0.23058639337801679,0.967720712520052,0.38530428492711133,0.42164600520471396,0.1072885315433556,-0.2159264111965552,-0.69749984503607254,-0.014048149582952418,0.34937417756271283,0.7981610381035884,-0.305695896644935,-0.27271188738416507,0.1461254028352561,-0.58293428997645824,0.51910934132482356,-0.44794315074009039,0.12445632886349056,-0.5257615919810541,0.73901353112376,-0.674729416926731,-0.99234841297955645,0.65132206569021656,0.067630695676259123,0.28836971301975178,0.5479745853450031,-0.79554859911815667,0.12065758678161431,0.10975076309859322,-0.82177459999070246,0.63226401299809287,0.35459939174102595,-0.30183310145597581,-0.1396614094915154,-0.024080852523483687,-0.77106725693264377,0.89143717377047849,-0.94791198053765668,0.19817916010421655,0.337305178557199,0.5321358803343661,-0.033469185015870706,-0.80809217123691557,0.69344064020246288,-0.46744570111271255,-0.34976373303204944,0.94384081193424807,-0.68673210297093357,-0.11783425468850617,-0.63672602718543536,0.648666815668655,-0.03466844141235037,0.019423214262082711,0.77855825693279423,-0.51295955340050137,0.4895771720863773,0.5792643276878,-0.099909983156207027,-1.0,0.87367141985971086,-0.097162869338487723,0.22628131076986041,0.19274939186533424,-0.37829114840286371,-0.99455430637791487,-0.55643835363743754,0.91242758366858,0.45747459840843208,-0.8297937446412601,-0.81186703304381436,0.42117837882655595,-0.50003117020243359,0.52536280594084528,0.13693322946174691,-0.79312234921060609,-0.49292144411845196,0.81574375825735923,0.95788142548775368,-0.46492360321102832,-0.36186655394819867,0.75199897273071059,0.89118350385277689,-0.71441352819763759,-0.25352320971597131,-0.47044141565935749,-0.621403074647022,-0.39875613939890453,0.0033182627536907372,0.51067650411775178,0.486341975390139,-0.17290029845801191,-0.0086528430733144868,0.71014205236460182,0.46100409583235358,-0.84139658526582484,0.91581450864477754,-0.43239162998851,0.57019897716594814,0.68799494658037785,-0.91100734747527512,-0.26219131670062956,-0.513633786474184,-0.54638995791151657,-0.30596722164469181,-0.057904406011991427,0.14869798587108862,0.395619899917217,0.882489984800336,0.57168060614340033,-0.94921030939985551,0.67383341382901807,0.62138290220004633,-0.6349863799451787,0.45880112585555821,-0.73046235355104427,0.011653626808735274,0.33073489988722593,-0.1708360578263346,-0.90784973274350622,0.62684876826910707,-0.89161453111638056,-0.090890679085110615,0.576972950052923,-0.095602212751098925,0.53846455157662954,-0.57016877810012956,-0.45518461775741759,-0.67122328266092723,-0.29753481843393981,-0.70893685785538363,-0.27442668810227266,-0.75445521890858891,-0.25612424256099586,-0.5539162557357532,0.9003247627524309,0.11776755988493903,0.74812186218245036,0.59155369344705422,0.80438119629602012,0.049307352653382153,0.20304617993675467,